Name,Team,GP,G,A,Pts,diff,PIM,Hits,BkS,PPG,PPA,SHG,SHA,GW,SOG,Pct
Danny Cleary,DET,75,12,21,33,2,30,90,33,2,1,0,0,0,199,.060
Evgeni Malkin,PIT,75,50,59,109,18,70,29,41,12,22,0,0,9,339,.147
Steven Stamkos,TAM,82,60,37,97,7,66,109,37,12,13,0,0,12,303,.198
Claude Giroux,PHI,77,28,65,93,6,29,70,44,6,32,0,2,5,242,.116
Jason Spezza,OTT,80,34,50,84,11,36,28,23,10,14,0,0,2,232,.147
Ilya Kovalchuk,NJD,77,37,46,83,-9,33,27,18,10,19,3,2,5,310,.119
Phil Kessel,TOR,82,37,45,82,-10,20,12,21,10,13,0,0,6,295,.125
James Neal,PIT,80,40,41,81,6,87,108,15,18,12,0,0,4,329,.122
Henrik Sedin,VAN,82,14,67,81,23,52,32,17,8,19,0,0,6,113,.124
John Tavares,NYI,82,31,50,81,-6,26,27,23,7,18,0,0,8,286,.108
Patrik Elias,NJD,81,26,52,78,-8,16,61,26,8,21,2,2,3,164,.159
Marian Hossa,CHI,81,29,48,77,18,20,73,40,9,11,2,1,4,248,.117
Ray Whitney,DAL,82,24,53,77,26,28,28,10,8,12,0,0,1,185,.130
Joe Thornton,SAN,82,18,59,77,17,31,42,26,4,19,0,1,2,156,.115
Marian Gaborik,NYR,82,41,35,76,15,34,63,40,10,11,0,0,7,276,.149
Jordan Eberle,EDM,78,34,42,76,4,10,45,24,10,10,0,0,4,180,.189
Anze Kopitar,LOS,82,25,51,76,12,20,72,53,8,18,2,2,2,230,.109
Martin St. Louis,TAM,77,25,49,74,-3,16,17,39,4,12,0,0,3,185,.135
Jason Pominville,BUF,82,30,43,73,-7,12,30,52,8,18,2,1,5,235,.128
Loui Eriksson,DAL,82,26,45,71,18,12,20,40,5,7,2,1,3,187,.139
Eric Staal,CAR,82,24,46,70,-20,48,48,35,7,16,3,2,3,262,.092
Zach Parise,MIN,82,31,38,69,-5,32,65,39,7,7,3,4,3,293,.106
Patrick Sharp,CHI,74,33,36,69,28,38,80,18,7,10,1,0,8,282,.117
Matt Moulson,NYI,82,36,33,69,1,6,33,40,14,10,0,0,5,219,.164
Henrik Zetterberg,DET,82,22,47,69,14,47,45,26,3,11,0,2,4,267,.082
P.A. Parenteau,COL,80,18,49,67,-8,89,99,23,6,13,0,0,2,167,.108
Joffrey Lupul,TOR,66,25,42,67,1,48,110,25,8,13,0,0,3,191,.131
Jarome Iginla,CGY,82,32,35,67,-10,43,124,43,8,11,0,0,5,251,.127
Daniel Sedin,VAN,72,30,37,67,14,40,21,15,10,15,0,0,6,229,.131
Scott Hartnell,PHI,82,37,30,67,19,136,188,37,16,7,0,0,6,232,.159
Tyler Seguin,BOS,81,29,38,67,34,30,26,17,5,10,0,0,7,242,.120
Pavel Datsyuk,DET,70,19,48,67,21,14,76,31,4,19,0,0,5,164,.116
Valtteri Filppula,DET,81,23,43,66,18,14,42,23,3,8,1,0,1,144,.160
Patrick Kane,CHI,82,23,43,66,7,40,19,27,4,8,0,0,5,253,.091
Brad Richards,NYR,82,25,41,66,-1,22,51,49,7,17,0,0,9,229,.109
Teemu Selanne,ANA,82,26,40,66,-1,50,23,20,12,16,0,0,4,210,.124
Max Pacioretty,MON,79,33,32,65,2,56,104,39,4,9,0,0,5,286,.115
Logan Couture,SAN,80,31,34,65,2,16,42,76,11,15,2,0,5,245,.127
Alex Ovechkin,WAS,78,38,27,65,-8,26,215,42,13,10,0,0,3,303,.125
Teddy Purcell,TAM,81,24,41,65,9,16,17,11,8,11,0,0,3,152,.158
Blake Wheeler,WPG,80,17,47,64,3,55,113,46,6,9,0,0,3,208,.082
Patrice Bergeron,BOS,81,22,42,64,36,20,73,67,5,9,2,1,3,191,.115
Patrick Marleau,SAN,82,30,34,64,10,26,84,33,10,15,0,0,8,251,.120
Jamie Benn,DAL,71,26,37,63,15,55,136,52,2,8,1,0,7,203,.128
Mike Ribeiro,WAS,74,18,45,63,5,66,113,46,2,13,0,0,5,142,.127
David Krejci,BOS,79,23,39,62,-5,36,69,46,2,9,0,0,2,145,.159
Michael Ryder,DAL,82,35,27,62,17,46,86,50,7,3,0,0,6,211,.166
Radim Vrbata,PHO,77,35,27,62,24,24,57,16,9,8,1,0,12,232,.151
Joe Pavelski,SAN,82,31,30,61,18,31,50,84,8,10,1,0,2,269,.115
Milan Lucic,BOS,81,26,35,61,7,135,201,26,7,4,0,0,1,149,.175
Tomas Fleischmann,FLA,82,27,34,61,-7,26,32,33,6,16,0,0,4,217,.124
Olli Jokinen,WPG,82,23,38,61,-12,54,53,31,9,15,0,0,5,223,.103
Chris Kunitz,PIT,82,26,35,61,16,49,180,28,6,12,0,0,3,230,.113
Thomas Vanek,BUF,78,26,35,61,-6,52,34,22,10,14,0,0,5,204,.127
Erik Cole,MON,82,35,26,61,11,48,186,30,11,3,0,0,6,241,.145
Milan Michalek,OTT,77,35,25,60,4,32,36,46,10,5,1,1,3,212,.165
David Desharnais,MON,81,16,44,60,10,24,33,48,3,17,0,0,2,98,.163
Corey Perry,ANA,80,37,23,60,-7,127,69,45,14,9,1,1,6,277,.134
Pascal Dupuis,PIT,82,25,34,59,18,34,111,44,0,1,3,0,8,214,.117
Daniel Alfredsson,OTT,75,27,32,59,16,18,52,31,7,7,3,1,4,191,.141
Rick Nash,NYR,82,30,29,59,-19,40,104,21,6,13,2,0,2,306,.098
Justin Williams,LOS,82,22,37,59,10,44,36,37,9,10,0,0,2,241,.091
Martin Erat,NAS,71,19,39,58,12,30,52,37,5,13,1,0,3,107,.178
Stephen Weiss,FLA,80,20,37,57,5,60,92,61,5,12,1,0,6,149,.134
Bobby Ryan,ANA,82,31,26,57,1,53,113,24,3,8,2,0,3,204,.152
Jonathan Toews,CHI,59,29,28,57,17,28,32,14,5,7,1,2,4,185,.157
Evander Kane,WPG,74,30,27,57,11,53,173,31,6,3,0,0,4,287,.105
Ryan Getzlaf,ANA,82,11,46,57,-11,75,182,72,4,19,0,1,4,185,.059
Johan Franzen,DET,77,29,27,56,23,40,60,30,11,2,0,0,10,211,.137
Vinny Prospal,COB,82,16,39,55,-11,36,59,39,3,12,0,0,0,165,.097
Brad Marchand,BOS,76,28,27,55,31,87,72,21,5,1,1,2,3,167,.168
Ryan O'Reilly,COL,81,18,37,55,-1,12,62,50,4,11,0,0,3,189,.095
Kris Versteeg,FLA,71,23,31,54,4,49,52,19,8,10,1,0,5,181,.127
Jaromir Jagr,DAL,73,19,35,54,5,30,14,12,8,12,0,0,2,170,.112
T.J. Oshie,STL,80,19,35,54,15,50,130,45,3,13,1,1,3,188,.101
Alexander Semin,CAR,77,21,33,54,9,56,31,19,2,9,0,0,1,183,.115
Dustin Brown,LOS,82,22,32,54,18,53,293,32,9,7,1,2,6,214,.103
David Backes,STL,82,24,30,54,15,101,226,72,8,9,2,1,4,234,.103
Ryan Callahan,NYR,76,29,25,54,-8,61,271,88,13,4,1,2,9,235,.123
Taylor Hall,EDM,61,27,26,53,-3,36,44,34,13,8,0,0,7,207,.130
David Legwand,NAS,78,19,34,53,3,26,31,29,5,14,0,1,2,140,.136
Dany Heatley,MIN,82,24,29,53,2,28,70,45,8,11,0,0,3,238,.101
Paul Stastny,COL,79,21,32,53,-8,34,40,49,7,12,0,0,2,190,.111
Gabriel Landeskog,COL,82,22,30,52,20,51,219,58,6,6,0,2,5,270,.081
Alexandre Burrows,VAN,80,28,24,52,24,90,87,38,3,4,2,0,7,198,.141
Ryan Nugent-Hopkins,EDM,62,18,34,52,-2,16,38,33,3,20,0,0,2,134,.134
Tomas Plekanec,MON,81,17,35,52,-15,56,67,57,5,13,3,3,2,220,.077
Derek Stepan,NYR,82,17,34,51,14,22,137,44,4,12,0,0,4,169,.101
Adam Henrique,NJD,74,16,35,51,8,7,83,57,0,8,4,3,3,130,.123
Mike Fisher,NAS,72,24,27,51,11,33,116,76,5,9,0,1,7,157,.153
Mikhail Grabovski,TOR,74,23,28,51,0,51,56,32,5,5,0,0,2,163,.141
Jordan Staal,CAR,62,25,25,50,11,34,101,23,5,2,3,2,0,149,.168
Jiri Hudler,CGY,81,25,25,50,10,42,48,15,2,8,0,0,2,127,.197
Drew Stafford,BUF,80,20,30,50,5,46,102,22,3,4,1,0,4,226,.089
Andrew Ladd,WPG,82,28,22,50,-8,64,76,25,4,8,0,0,6,265,.106
Shane Doan,PHO,79,22,28,50,-8,48,205,27,5,9,0,1,5,226,.097
Jakub Voracek,PHI,78,18,31,49,11,32,44,18,0,11,0,0,2,190,.095
Danny Briere,PHI,70,16,33,49,5,69,48,16,4,13,0,0,3,174,.092
Ryan Kesler,VAN,77,22,27,49,11,56,108,59,8,11,1,1,1,222,.099
Alex Tanguay,CGY,64,13,36,49,7,28,22,47,1,14,1,1,3,84,.155
Wayne Simmonds,PHI,82,28,21,49,-1,114,140,34,11,5,0,0,4,197,.142
Vincent Lecavalier,TAM,64,22,27,49,-2,50,103,31,5,6,0,0,5,182,.121
Curtis Glencross,CGY,67,26,22,48,-13,62,81,49,8,5,1,1,3,110,.236
Ryan Malone,TAM,68,20,28,48,-11,82,142,36,5,10,1,0,2,144,.139
Steve Sullivan,PHO,79,17,31,48,-3,20,38,16,5,16,0,0,1,140,.121
Kyle Wellwood,WPG,77,18,29,47,3,4,10,13,4,6,0,0,1,93,.194
Matt Read,PHI,79,24,23,47,13,12,82,58,4,7,2,1,6,155,.155
Frans Nielsen,NYI,82,17,30,47,-3,6,29,66,5,10,0,0,1,133,.128
Sam Gagner,EDM,75,18,29,47,5,36,21,23,6,6,0,0,0,149,.121
Nick Foligno,COB,82,15,32,47,2,124,196,30,1,3,0,0,3,153,.098
Tyler Bozak,TOR,73,18,29,47,-7,22,117,34,4,8,0,1,1,109,.165
Bryan Little,WPG,74,24,22,46,-11,26,44,13,6,7,0,1,6,162,.148
David Clarkson,NJD,80,30,16,46,-8,138,169,19,8,8,0,0,7,228,.132
Marcus Johansson,WAS,80,14,32,46,-5,8,61,28,1,7,0,0,3,90,.156
Ryan Smyth,EDM,82,19,27,46,-5,82,53,31,4,4,0,0,4,194,.098
Jussi Jokinen,CAR,79,12,34,46,-2,54,41,48,3,15,2,0,3,118,.102
Ryane Clowe,SAN,76,17,28,45,-5,97,109,36,4,11,0,0,2,180,.094
Kyle Okposo,NYI,79,24,21,45,-15,46,51,33,3,3,0,0,2,152,.158
Mikko Koivu,MIN,55,12,32,44,10,28,62,21,2,13,1,3,2,129,.093
Jeff Skinner,CAR,64,20,24,44,-8,56,44,15,4,9,0,0,5,210,.095
Kyle Brodziak,MIN,82,22,22,44,-15,66,81,62,5,6,0,0,0,160,.138
Dainius Zubrus,NJD,82,17,27,44,7,34,102,41,4,2,3,2,2,109,.156
Derek Roy,DAL,80,17,27,44,-7,54,35,50,6,6,1,0,2,176,.097
Nicklas Backstrom,WAS,42,14,30,44,-4,24,31,25,3,16,0,0,4,95,.147
Mike Richards,LOS,74,18,26,44,3,71,115,39,3,11,4,0,1,171,.105
Petr Sykora,NJD,82,21,23,44,4,40,19,16,4,2,0,0,6,170,.124
Chris Higgins,VAN,71,18,25,43,11,16,61,29,1,7,1,0,4,165,.109
Clarke MacArthur,TOR,73,20,23,43,3,37,60,21,3,6,0,0,4,148,.135
Sergei Kostitsyn,NAS,75,17,26,43,8,34,44,27,1,8,1,0,3,97,.175
Viktor Stalberg,CHI,79,22,21,43,6,34,91,24,0,0,0,0,6,215,.102
Patric Hornqvist,NAS,76,27,16,43,9,28,62,28,8,2,0,0,3,230,.117
Rich Peverley,BOS,57,11,31,42,20,22,23,13,1,10,0,2,1,112,.098
David Perron,STL,57,21,21,42,19,28,32,13,5,5,1,1,4,114,.184
Cody Hodgson,BUF,83,19,22,41,1,10,37,29,7,7,0,0,3,154,.123
Brooks Laich,WAS,82,16,25,41,-8,34,120,92,5,4,1,0,5,191,.084
Michael Cammalleri,CGY,66,20,21,41,-10,26,17,19,3,9,0,0,4,175,.114
Derick Brassard,COB,74,14,27,41,-20,42,137,16,5,10,0,0,3,125,.112
Steve Downie,COL,75,14,27,41,-6,137,105,25,2,4,0,0,2,140,.100
R.J. Umberger,COB,77,20,20,40,-10,27,102,70,5,5,0,1,3,200,.100
Steve Ott,BUF,74,11,28,39,5,156,278,27,4,4,0,2,2,108,.102
Jason Chimera,WAS,82,20,19,39,4,78,132,27,1,0,2,0,5,205,.098
Chris Kelly,BOS,82,20,19,39,33,41,79,56,1,0,2,0,6,122,.164
Jannik Hansen,VAN,82,16,23,39,18,34,118,24,0,0,1,2,1,137,.117
Matt Cooke,PIT,82,19,19,38,5,44,160,41,1,5,2,2,4,147,.129
Todd Bertuzzi,DET,71,14,24,38,23,64,96,23,0,4,0,0,1,118,.119
Carl Hagelin,NYR,64,14,24,38,21,24,78,23,0,0,2,0,2,131,.107
Saku Koivu,ANA,74,11,27,38,7,50,56,24,0,6,0,0,1,107,.103
Patrik Berglund,STL,82,19,19,38,4,30,97,36,0,4,2,0,3,188,.101
Dave Bolland,CHI,76,19,18,37,0,47,58,38,7,5,3,0,2,126,.151
Milan Hejduk,COL,81,14,23,37,-12,14,35,29,6,8,0,0,1,170,.082
Lauri Korpikoski,PHO,82,17,20,37,3,14,91,43,0,2,3,0,3,146,.116
Sidney Crosby,PIT,22,8,29,37,15,14,11,7,2,9,0,0,3,75,.107
Colin Greening,OTT,82,17,20,37,-4,46,189,48,4,4,0,0,0,184,.092
Jamie McGinn,COL,78,20,17,37,-3,37,159,37,6,2,0,0,2,159,.126
Antoine Vermette,PHO,82,11,26,37,-13,28,124,48,4,5,1,1,4,149,.074
David Jones,COL,72,20,17,37,-8,32,85,24,3,3,1,0,5,136,.147
Andrei Kostitsyn,NAS,72,16,20,36,-1,26,112,9,5,1,0,0,5,122,.131
Devin Setoguchi,MIN,69,19,17,36,-17,28,73,23,7,6,0,0,2,174,.109
Jiri Tlusty,CAR,79,17,19,36,1,26,83,57,2,4,0,1,1,136,.125
Craig Smith,NAS,72,14,22,36,-9,30,44,17,6,7,0,0,1,172,.081
Tim Connolly,TOR,70,13,23,36,-14,40,29,76,2,3,0,0,3,104,.125
Ales Hemsky,EDM,69,10,26,36,-13,43,22,21,1,8,0,0,1,137,.073
Artem Anisimov,COB,79,16,20,36,12,34,75,46,4,0,1,0,1,132,.121
Nik Antropov,WPG,69,15,20,35,0,42,94,41,4,6,0,0,0,95,.158
Colin Wilson,NAS,68,15,20,35,5,21,43,21,5,7,0,0,5,114,.132
Matt Cullen,MIN,73,14,21,35,-10,24,46,39,4,5,0,0,0,164,.085
Shawn Horcoff,EDM,81,13,21,34,-23,24,62,47,5,8,0,0,0,123,.106
Jeff Carter,LOS,55,21,13,34,-12,16,16,17,10,3,0,0,2,184,.114
Max Talbot,PHI,81,19,15,34,5,59,150,58,1,1,2,1,2,115,.165
Tyler Ennis,BUF,48,15,19,34,11,14,26,18,2,2,0,0,1,82,.183
Jason Arnott,STL,72,17,17,34,13,26,24,13,6,8,0,0,3,142,.120
Brandon Dubinsky,COB,77,10,24,34,16,110,207,36,0,2,1,2,1,140,.071
Tuomo Ruutu,CAR,72,18,16,34,-3,50,151,24,3,2,0,0,2,156,.115
Martin Hanzal,PHO,64,8,26,34,12,63,239,32,3,8,0,0,2,145,.055
Tyler Kennedy,PIT,60,11,22,33,10,29,70,10,0,3,0,0,1,195,.056
Ryan Jones,EDM,79,17,16,33,-7,42,119,61,3,3,2,1,2,137,.124
Troy Brouwer,WAS,82,18,15,33,-15,61,247,60,3,2,0,1,5,133,.135
Alexei Ponikarovsky,WPG,82,14,19,33,-3,34,143,36,4,3,0,0,2,156,.090
Daniel Cleary,DET,75,12,21,33,2,30,90,33,2,1,0,0,0,199,.060
Chad LaRose,CAR,67,19,13,32,-15,48,131,15,3,4,1,0,5,199,.095
Brandon Sutter,PIT,82,17,15,32,-3,21,53,85,2,1,3,0,0,171,.099
Nathan Horton,BOS,46,17,15,32,0,54,32,11,6,2,0,0,3,90,.189
Tomas Kopecky,FLA,80,10,22,32,-8,32,45,35,2,6,0,0,2,143,.070
Josh Bailey,NYI,80,13,19,32,-10,32,64,35,1,3,3,0,1,104,.125
Michael Grabner,NYI,78,20,12,32,-18,12,16,30,1,1,1,0,3,174,.115
Benoit Pouliot,TAM,74,16,16,32,18,38,97,14,1,1,0,0,5,107,.150
Mikael Samuelsson,DET,54,14,17,31,1,20,79,11,7,6,0,0,1,138,.101
Mathieu Perreault,WAS,64,16,14,30,9,24,49,29,2,0,0,0,4,60,.267
Chris Stewart,STL,79,15,15,30,1,109,112,21,2,2,0,0,1,166,.090
David Booth,VAN,62,16,14,30,-5,34,81,13,3,5,0,0,1,159,.101
Jordin Tootoo,DET,77,6,24,30,-5,92,151,17,1,1,0,0,1,136,.044
Daymond Langkow,PHO,73,11,19,30,-4,14,87,50,1,2,0,1,1,112,.098
Kyle Turris,OTT,55,12,17,29,10,31,23,14,1,4,0,0,2,142,.085
Chris Neil,OTT,72,13,15,28,-10,178,271,20,2,4,0,0,0,127,.102
Matt Duchene,COL,58,14,14,28,-11,8,43,41,5,4,0,0,2,132,.106
Nikolai Kulemin,TOR,70,7,21,28,2,6,97,43,1,4,0,1,1,107,.065
Alex Steen,STL,43,15,13,28,24,28,24,29,3,2,0,0,3,134,.112
Alex Burmistrov,WPG,76,13,15,28,4,42,118,15,1,2,1,0,0,123,.106
Lars Eller,MON,79,16,12,28,-5,66,72,55,2,1,2,1,2,129,.124
Lee Stempniak,CGY,61,14,14,28,-2,16,55,22,2,3,0,0,2,130,.108
Matt Halischuk,NAS,73,15,13,28,9,27,41,33,0,0,0,0,2,96,.156
Cal Clutterbuck,MIN,74,15,12,27,-4,103,288,31,3,4,4,0,2,161,.093
Tim Stapleton,WPG,63,11,16,27,-2,10,27,23,4,7,0,0,3,74,.149
Marcel Goc,FLA,57,11,16,27,5,10,38,23,3,1,0,0,1,97,.113
Martin Havlat,SAN,39,7,20,27,10,22,6,14,4,4,0,1,1,96,.073
Andrew Brunette,CHI,78,12,15,27,-13,4,21,15,4,3,0,0,0,75,.160
Sean Couturier,PHI,77,13,14,27,18,14,82,33,0,1,2,0,4,116,.112
Darren Helm,DET,68,9,17,26,5,12,97,27,0,0,0,0,2,124,.073
Brian Boyle,NYR,82,11,15,26,2,59,236,83,0,1,0,1,2,165,.067
Marcus Kruger,CHI,71,9,17,26,11,22,26,36,0,3,0,0,1,89,.101
Raffi Torres,PHO,79,15,11,26,2,83,128,21,1,0,0,0,1,99,.152
Andrew Cogliano,ANA,82,13,13,26,-4,15,88,43,2,1,0,0,2,115,.113
Nick Johnson,PHO,77,8,18,26,-6,45,59,21,0,1,0,0,1,146,.055
Brenden Morrow,DAL,57,11,15,26,1,97,130,33,5,2,0,0,2,88,.125
Joey Crabb,WAS,67,11,15,26,1,33,101,34,0,0,2,0,4,75,.147
Zack Smith,OTT,81,14,12,26,4,98,168,43,1,0,2,1,3,134,.104
Dominic Moore,SAN,79,4,21,25,-18,54,52,23,0,3,1,0,1,103,.039
Drew Miller,DET,80,14,11,25,6,20,79,66,0,0,0,0,4,131,.107
Nathan Gerbe,BUF,62,6,19,25,2,32,53,13,0,1,0,1,2,137,.044
Mark Letestu,COB,62,11,14,25,-9,8,60,19,4,4,0,0,0,114,.096
Erik Condra,OTT,81,8,17,25,11,30,16,69,0,0,2,2,1,140,.057
Ville Leino,BUF,71,8,17,25,-2,16,41,28,1,0,0,0,1,78,.103
Bryan Bickell,CHI,71,9,15,24,-3,48,128,23,0,0,0,0,0,84,.107
James van Riemsdyk,TOR,43,11,13,24,-1,24,37,18,2,3,0,0,1,121,.091
Jamie Langenbrunner,STL,70,6,18,24,7,32,70,19,0,0,0,0,3,127,.047
Michal Handzus,SAN,67,7,17,24,-6,18,52,59,2,3,0,0,0,81,.086
Shawn Matthias,FLA,79,10,14,24,-2,49,60,38,1,1,0,0,1,133,.075
Mikkel Boedker,PHO,82,11,13,24,-2,12,108,21,0,1,0,0,2,86,.128
Tomas Holmstrom,DET,74,11,13,24,-9,40,56,6,10,5,0,0,3,97,.113
Tim Brent,CAR,79,12,12,24,-8,27,64,33,3,4,1,0,3,71,.169
Brian Rolston,BOS,70,7,17,24,-5,14,86,21,1,3,0,0,2,151,.046
Rene Bourque,MON,76,18,6,24,-19,68,86,25,3,3,1,0,1,158,.114
Boyd Gordon,PHO,75,8,15,23,9,10,48,86,0,0,1,2,2,114,.070
Sean Bergenheim,FLA,62,17,6,23,-5,48,109,21,5,0,1,0,2,185,.092
Andrew Shaw,CHI,37,12,11,23,-1,50,82,21,0,4,0,0,2,74,.162
Brad Boyes,NYI,65,8,15,23,2,6,29,24,2,6,0,0,0,100,.080
Daniel Winnik,ANA,84,8,15,23,-11,52,95,50,0,0,1,1,1,184,.043
Niklas Hagman,ANA,71,9,14,23,-7,14,49,29,2,0,0,0,2,125,.072
Justin Abdelkader,DET,81,8,14,22,4,62,148,42,0,0,0,0,1,121,.066
Andy McDonald,STL,25,10,12,22,4,2,3,5,3,3,0,0,2,64,.156
Nick Spaling,NAS,77,10,12,22,-7,18,43,38,0,0,0,1,3,107,.093
Pierre-Marc Bouchard,MIN,37,9,13,22,-1,18,3,9,2,5,0,0,3,84,.107
Vernon Fiddler,DAL,82,8,13,21,-13,60,82,67,0,0,0,1,1,123,.065
Ryan Johansen,COB,67,9,12,21,-2,24,68,24,3,1,0,0,3,99,.091
Jim Slater,WPG,78,13,8,21,-9,42,163,73,0,0,1,0,1,118,.110
Eric Nystrom,DAL,74,16,5,21,-10,24,176,38,0,0,0,0,1,102,.157
Paul Gaustad,NAS,70,7,14,21,-1,76,114,47,0,0,0,1,3,75,.093
Radek Dvorak,DAL,73,4,17,21,-16,12,51,56,0,0,1,0,0,83,.048
Jarret Stoll,LOS,78,6,15,21,2,60,165,46,1,7,0,0,0,133,.045
Derek Dorsett,COB,77,12,8,20,-11,235,199,40,2,1,1,0,1,137,.088
Mason Raymond,VAN,55,10,10,20,4,18,32,13,1,0,1,0,2,125,.080
Vladimir Sobotka,STL,73,5,15,20,12,42,152,29,0,1,1,0,1,117,.043
Ruslan Fedotenko,PHI,73,9,11,20,-7,16,86,57,1,1,0,0,1,94,.096
Luke Adam,BUF,52,10,10,20,-6,14,26,15,0,3,0,0,0,89,.112
Anthony Stewart,LOS,77,9,11,20,-2,30,92,15,0,2,0,0,1,64,.141
Maxim Lapierre,VAN,82,9,10,19,-3,130,244,24,0,0,0,0,0,103,.087
Gabriel Bourque,NAS,43,7,12,19,-2,6,66,19,0,0,0,0,1,59,.119
Adam Burish,SAN,65,6,13,19,6,76,69,36,0,2,0,0,1,82,.073
Taylor Pyatt,NYR,73,9,10,19,-4,23,137,20,0,1,0,0,1,111,.081
Tom Pyatt,TAM,74,12,7,19,-19,8,40,52,1,0,0,0,1,95,.126
Torrey Mitchell,MIN,76,9,10,19,-6,29,94,33,0,0,0,0,0,100,.090
Matthew Lombardi,TOR,62,8,10,18,-19,10,58,34,0,0,1,0,2,101,.079
Matt D'Agostini,STL,55,9,9,18,12,27,48,18,3,0,0,0,3,101,.089
Nick Bonino,ANA,50,5,13,18,1,8,18,39,0,1,0,0,0,63,.079
Craig Adams,PIT,82,5,13,18,-6,34,162,45,0,0,0,3,0,76,.066
Matt Stajan,CGY,61,8,10,18,-3,29,49,33,0,2,0,0,1,77,.104
Joel Ward,WAS,73,6,12,18,12,20,75,41,0,0,0,0,0,79,.076
Mike Knuble,WAS,72,6,12,18,-15,32,86,45,0,4,0,0,0,91,.066
Brayden Schenn,PHI,54,12,6,18,-7,34,136,26,4,1,0,0,3,97,.124
Manny Malhotra,VAN,78,7,11,18,-11,14,44,45,0,0,0,0,2,60,.117
Brandon Prust,MON,82,5,12,17,-1,156,144,51,0,0,2,0,2,68,.074
Andrew Desjardins,SAN,76,4,13,17,4,47,93,49,0,0,0,1,3,80,.050
Samuel Pahlsson,VAN,80,4,13,17,-2,34,123,37,0,0,1,1,1,93,.043
Jay McClement,TOR,80,10,7,17,-8,31,72,54,0,0,1,0,1,95,.105
Simon Gagne,LOS,34,7,10,17,-1,18,17,10,0,4,1,0,2,75,.093
Dustin Penner,LOS,65,7,10,17,-7,43,90,16,1,0,0,0,0,119,.059
Peter Mueller,FLA,32,7,9,16,-3,8,14,10,1,4,0,0,1,82,.085
Tanner Glass,PIT,78,5,11,16,-12,73,246,51,0,0,0,0,1,86,.058
Arron Asham,NYR,64,5,11,16,-5,76,95,8,0,0,0,0,0,49,.102
Gregory Campbell,BOS,78,8,8,16,-3,80,107,53,0,0,0,0,0,74,.108
Jeff Halpern,NYR,69,4,12,16,-1,24,55,44,0,0,0,0,1,63,.063
Travis Moen,MON,48,9,7,16,-3,41,75,41,0,0,1,0,0,45,.200
Eric Belanger,EDM,78,4,12,16,-13,32,36,41,1,4,1,0,0,118,.034
Bobby Butler,NJD,56,6,10,16,8,12,34,13,0,0,0,0,4,86,.070
Kyle Chipchura,PHO,53,3,13,16,2,42,67,14,0,0,0,0,0,43,.070
John Mitchell,COL,63,5,11,16,10,8,89,27,0,2,0,0,0,64,.078
Brian Gionta,MON,31,8,7,15,-7,16,35,13,2,1,0,0,0,75,.107
Tom Wandell,DAL,72,6,9,15,-5,16,52,30,0,0,0,0,0,103,.058
Daniel Paille,BOS,69,9,6,15,-5,15,59,24,0,0,2,0,1,86,.105
Blake Comeau,CGY,74,5,10,15,-11,30,144,22,0,0,0,0,0,137,.037
Michael Frolik,CHI,63,5,10,15,-10,22,56,32,0,0,0,1,0,117,.043
Matt Frattin,TOR,56,8,7,15,-4,25,81,12,0,1,0,0,2,92,.087
Brett Connolly,TAM,68,4,11,15,-9,30,58,19,1,2,0,0,2,94,.043
T.J. Galiardi,SAN,69,9,6,15,-8,53,110,22,0,0,1,0,2,113,.080
Nate Thompson,TAM,68,9,6,15,-23,21,107,56,0,0,0,0,1,85,.106
Jordan Caron,BOS,48,7,8,15,0,14,64,15,0,0,0,0,0,57,.123
Jamal Mayers,CHI,81,6,9,15,-4,91,102,25,0,1,0,0,1,70,.086
Matt Beleskey,ANA,70,4,11,15,-2,72,104,20,0,1,0,0,0,75,.053
Gilbert Brule,PHO,33,5,9,14,7,11,55,13,1,0,0,0,0,56,.089
Derek MacKenzie,COB,66,7,7,14,4,40,189,19,1,0,2,1,2,61,.115
Matt Martin,NYI,80,7,7,14,-17,121,374,41,0,0,0,2,1,130,.054
Cam Atkinson,COB,27,7,7,14,1,14,23,17,1,1,0,0,0,66,.106
Joe Vitale,PIT,68,4,10,14,-5,56,106,36,0,0,0,1,1,70,.057
Chuck Kobasew,COL,58,7,7,14,-10,51,62,20,0,1,1,0,2,65,.108
Dwight King,LOS,27,5,9,14,3,10,37,5,0,2,0,0,1,42,.119
Richard Park,PIT,54,7,7,14,-1,12,28,18,0,2,1,0,4,44,.159
Ben Eager,EDM,63,8,5,13,-1,107,73,17,0,0,0,0,3,69,.116
Darroll Powe,MIN,82,6,7,13,-20,57,151,91,0,0,0,0,1,109,.055
Drayson Bowman,CAR,37,6,7,13,2,4,54,10,0,1,0,0,0,70,.086
Antti Miettinen,WPG,45,5,8,13,-5,0,38,11,1,3,0,0,0,58,.086
Shawn Thornton,BOS,81,5,8,13,-7,154,91,12,0,0,1,0,0,114,.044
Dave Steckel,TOR,76,8,5,13,-14,10,170,66,1,0,2,0,0,79,.101
Devante Smith-Pelly,ANA,49,7,6,13,-7,16,104,9,1,1,1,0,1,66,.106
Marcus Foligno,BUF,14,6,7,13,6,9,44,11,2,1,0,0,1,23,.261
Ryan Shannon,TAM,45,4,8,12,-11,10,22,15,1,2,0,0,0,46,.087
Jason Blake,ANA,45,7,5,12,-4,6,41,17,2,1,0,0,3,109,.064
Patrick Dwyer,CAR,73,5,7,12,0,23,129,62,0,1,2,0,0,120,.042
Erik Christensen,MIN,49,7,5,12,-13,8,26,4,3,1,0,0,1,44,.159
Kyle Clifford,LOS,81,5,7,12,-5,123,179,9,0,0,0,0,2,88,.057
Tom Kostopoulos,CGY,81,4,8,12,-15,57,124,48,1,0,1,0,1,91,.044
Wojtek Wolski,WAS,31,4,8,12,-5,2,34,5,0,1,0,0,0,50,.080
Mathieu Darche,NJD,61,5,7,12,-4,18,79,45,0,0,2,2,0,77,.065
Cody McLeod,COL,75,6,5,11,0,164,123,13,0,0,0,0,0,62,.097
Roman Horak,CGY,61,3,8,11,3,14,28,20,0,0,0,0,1,53,.057
Brendan Morrison,CHI,39,4,7,11,-5,12,8,21,0,2,0,0,0,43,.093
J.T. Wyman,TAM,40,2,9,11,1,8,33,15,0,0,0,0,1,31,.065
Kaspars Daugavins,OTT,65,5,6,11,-2,12,58,33,0,1,0,1,1,77,.065
Mikael Backlund,CGY,41,4,7,11,-13,16,25,19,2,1,0,0,2,85,.047
Mike Santorelli,FLA,60,9,2,11,-10,18,49,17,2,1,0,0,1,117,.077
Scott Gomez,MON,38,2,9,11,-9,14,11,12,2,1,0,0,1,59,.034
Keith Aucoin,TOR,27,3,8,11,4,0,10,7,0,0,0,0,1,21,.143
Dan Carcillo,CHI,28,2,9,11,10,82,76,9,0,0,0,0,0,27,.074
Chris Thorburn,WPG,72,4,7,11,-6,83,151,46,0,0,0,0,0,69,.058
Patrick Kaleta,BUF,63,5,5,10,-5,116,139,46,0,0,0,0,1,69,.072
Cory Emmerton,DET,71,6,4,10,1,14,37,31,0,1,0,0,0,63,.095
Tomas Vincour,DAL,47,4,6,10,-2,2,52,16,0,0,0,0,1,65,.062
Zack Kassian,VAN,44,4,6,10,-2,51,79,2,0,1,0,0,0,54,.074
Brad Winchester,CGY,67,6,4,10,-5,88,78,13,0,0,0,0,0,72,.083
Louis Leblanc,MON,42,5,5,10,3,28,68,18,0,0,0,0,0,58,.086
Jack Skille,FLA,46,4,6,10,-9,28,99,16,0,0,1,0,1,76,.053
Guillaume Latendresse,OTT,16,5,4,9,6,20,37,3,1,0,0,0,1,36,.139
Matt Hendricks,WAS,78,4,5,9,-6,95,219,52,0,0,0,1,0,97,.041
Tommy Wingels,SAN,33,3,6,9,-1,18,102,23,0,1,0,0,0,71,.042
Tim Wallace,CAR,49,3,6,9,-3,16,104,11,0,0,0,0,1,26,.115
Jimmy Hayes,CHI,31,5,4,9,-3,16,50,6,1,1,0,0,0,41,.122
Lennart Petrell,EDM,60,4,5,9,-10,45,122,47,0,0,1,1,0,36,.111
David Moss,PHO,32,2,7,9,-3,12,43,24,0,0,0,0,0,82,.024
Jacob Josefson,NJD,41,2,7,9,10,6,16,13,0,0,0,0,0,37,.054
Zac Rinaldo,PHI,66,2,7,9,-1,232,175,19,0,0,0,0,0,54,.037
Spencer Machacek,WPG,13,2,7,9,8,7,24,1,0,0,0,0,0,12,.167
Eric Wellwood,PHI,24,5,4,9,12,2,16,12,0,0,0,1,1,36,.139
Benn Ferriero,PIT,35,7,1,8,0,8,43,13,0,0,0,0,4,68,.103
Colin Fraser,LOS,67,2,6,8,-2,67,149,25,0,0,0,0,0,54,.037
Ryan Carter,NJD,72,4,4,8,-13,90,114,25,0,0,0,0,0,50,.080
Blair Jones,CGY,43,3,5,8,-1,18,49,29,0,1,0,0,1,58,.052
David Ullstrom,NYI,29,4,4,8,-2,6,32,8,1,0,0,0,1,40,.100
Scott Nichol,STL,80,3,5,8,-5,83,92,29,0,0,0,1,0,67,.045
Colton Gillies,COB,75,2,6,8,-9,35,161,46,0,0,0,0,0,48,.042
Matt Bradley,FLA,45,3,5,8,-3,31,134,11,0,0,0,0,0,35,.086
Dale Weise,VAN,68,4,4,8,-1,81,118,23,0,0,0,0,0,48,.083
Cody Eakin,DAL,30,4,4,8,2,4,15,7,0,0,0,0,0,31,.129
Matt Ellis,BUF,60,3,5,8,-3,25,34,17,0,0,0,0,1,85,.035
Jochen Hecht,BUF,22,4,4,8,1,6,14,9,0,0,1,0,0,40,.100
Jesse Winchester,OTT,32,2,6,8,2,22,51,9,0,0,1,0,0,52,.038
Brad Richardson,LOS,59,5,3,8,-6,30,65,15,0,0,1,0,0,98,.051
Corey Tropp,BUF,34,3,5,8,0,20,47,20,0,0,0,0,1,32,.094
Andreas Nodl,CAR,60,3,5,8,-5,8,68,17,0,0,0,0,0,66,.045
Magnus Paajarvi,EDM,41,2,6,8,-7,4,18,8,0,2,0,0,0,79,.025
Trent Hunter,LOS,38,2,5,7,-4,8,72,6,0,1,0,0,1,51,.039
Casey Wellman,FLA,14,2,5,7,-4,0,6,7,0,1,0,0,1,25,.080
Tim Jackman,CGY,75,1,6,7,-21,94,160,16,0,0,0,0,0,103,.010
Cal O'Reilly,PIT,33,2,5,7,-11,4,5,10,1,1,0,0,0,17,.118
Andrei Loktionov,LOS,39,3,4,7,-4,2,7,6,1,0,0,0,0,60,.050
Gustav Nyquist,DET,18,1,6,7,2,2,4,0,0,0,0,0,0,19,.053
Brandon Yip,NAS,35,3,4,7,1,28,51,10,0,0,0,0,0,41,.073
Nazem Kadri,TOR,21,5,2,7,2,8,25,5,1,0,0,0,1,28,.179
Kevin Porter,BUF,35,4,3,7,-2,17,36,8,0,0,0,0,0,32,.125
Chris Porter,STL,47,4,3,7,-1,11,124,4,0,0,0,0,1,61,.066
Nick Palmieri,MIN,38,4,3,7,-10,14,39,7,0,0,0,0,0,55,.073
Kyle Palmieri,ANA,18,4,3,7,3,6,20,6,0,0,0,0,0,34,.118
Jake Dowell,MIN,52,2,5,7,-3,53,80,11,0,0,0,0,0,39,.051
Adam Hall,TAM,57,2,5,7,-11,17,89,30,0,0,0,0,1,63,.032
Trevor Lewis,LOS,72,3,4,7,-3,26,117,25,0,0,0,0,1,103,.029
Alexander Radulov,NAS,9,3,4,7,3,4,5,5,0,1,0,0,0,21,.143
Mark Olver,COL,24,4,3,7,0,15,43,9,0,0,0,0,1,25,.160
Petteri Nokelainen,MON,56,3,4,7,-6,37,46,10,0,0,0,0,1,37,.081
Marty Reasoner,NYI,61,1,5,6,-25,34,43,31,0,0,0,0,0,69,.014
Andrew Ebbett,VAN,18,5,1,6,2,6,15,9,1,0,0,0,2,27,.185
Dustin Jeffrey,PIT,26,4,2,6,-4,2,19,8,0,0,1,0,0,33,.121
Harry Zolnierczyk,PHI,37,3,3,6,-11,35,67,14,0,0,0,0,0,49,.061
David van der Gulik,COL,25,1,5,6,3,2,32,11,0,0,0,0,0,20,.050
Ben Maxwell,WPG,15,1,5,6,4,2,11,6,0,0,0,0,0,10,.100
Jerred Smithson,FLA,69,1,5,6,-5,34,128,43,0,0,0,1,0,37,.027
Jim O'Brien,OTT,28,3,3,6,6,4,28,9,0,0,0,0,1,37,.081
Mattias Tedenby,NJD,43,1,5,6,-15,16,25,1,0,0,0,0,0,46,.022
Anton Lander,EDM,56,2,4,6,-8,12,32,12,0,0,1,0,0,54,.037
Steve Bernier,NJD,32,1,5,6,6,16,61,13,0,0,0,0,0,23,.043
Travis Zajac,NJD,15,2,4,6,-3,4,11,3,1,0,0,0,1,25,.080
Scottie Upshall,FLA,26,2,3,5,-3,29,44,2,1,0,0,0,1,53,.038
Trevor Smith,PIT,16,2,3,5,2,4,19,7,0,0,0,1,0,17,.118
Marco Sturm,FLA,48,3,2,5,-13,25,49,14,0,0,0,0,1,65,.046
Aaron Palushaj,MON,38,1,4,5,1,8,28,11,0,0,0,0,0,37,.027
Warren Peters,PIT,58,1,4,5,-15,54,70,34,0,0,0,0,0,54,.019
Michael Rupp,NYR,60,4,1,5,-1,97,103,13,0,0,0,0,2,31,.129
Toby Petersen,DAL,39,2,3,5,-7,6,34,14,0,1,0,0,0,44,.045
Joakim Lindstrom,COL,16,2,3,5,-9,0,1,6,1,0,0,0,0,22,.091
Andrew Gordon,VAN,37,2,3,5,-10,6,49,17,0,0,0,0,0,38,.053
Darryl Boyce,COB,37,1,4,5,-8,35,46,14,0,0,0,0,1,25,.040
Paul Byron,CGY,22,3,2,5,3,2,26,2,0,0,0,0,1,13,.231
Krys Barch,NJD,51,2,3,5,0,114,67,10,0,0,0,0,0,24,.083
Jerome Samson,CAR,16,2,3,5,-3,8,10,5,1,1,0,0,0,31,.065
Zenon Konopka,MIN,55,3,2,5,-4,193,54,18,1,0,0,0,1,34,.088
Dana Tyrell,TAM,26,0,5,5,-5,6,20,15,0,0,0,0,0,23,.000
Michal Repik,FLA,17,2,3,5,-3,6,24,1,1,2,0,0,0,35,.057
Stephane Da Costa,OTT,22,3,2,5,-9,8,14,13,0,0,0,0,0,31,.097
Joe Colborne,TOR,10,1,4,5,2,4,20,8,0,0,0,0,0,7,.143
Jay Beagle,WAS,41,4,1,5,-2,23,66,23,0,0,0,0,0,49,.082
Blake Geoffrion,MON,35,2,3,5,0,27,40,13,0,0,0,0,0,29,.069
Teemu Hartikainen,EDM,17,2,3,5,1,6,36,11,0,0,0,0,1,24,.083
George Parros,FLA,46,1,3,4,1,85,57,16,0,0,0,0,0,17,.059
Evgeny Grachev,STL,26,1,3,4,-4,2,23,10,0,0,0,0,1,14,.071
Patrick O'Sullivan,PHO,23,2,2,4,-4,2,7,4,0,1,0,0,0,34,.059
Brandon McMillan,ANA,25,0,4,4,-10,20,21,13,0,0,0,0,0,26,.000
Jordan Nolan,LOS,26,2,2,4,2,28,59,4,0,0,0,0,1,19,.105
Mike Brown,TOR,50,2,2,4,-8,74,120,24,0,0,0,1,0,56,.036
Mike Blunden,MON,39,2,2,4,-1,27,104,15,0,0,0,0,0,34,.059
Ryan Reaves,STL,60,3,1,4,0,124,171,7,0,0,0,0,1,32,.094
Ethan Moreau,LOS,28,1,3,4,-3,20,53,6,0,0,0,0,1,29,.034
Peter Regin,OTT,10,2,2,4,3,2,6,3,0,0,0,0,0,15,.133
Byron Bitz,VAN,10,1,3,4,2,14,20,7,0,0,0,0,0,6,.167
Casey Cizikas,NYI,15,0,4,4,1,6,26,9,0,0,0,0,0,12,.000
Paul Szczechura,BUF,9,1,3,4,0,4,7,3,0,0,0,0,0,11,.091
Andrew Murray,STL,39,1,3,4,3,4,66,8,0,0,0,0,0,33,.030
Cody McCormick,BUF,50,1,3,4,-7,56,67,11,0,0,0,0,0,43,.023
Maxime Macenauer,WPG,29,1,3,4,-4,18,17,4,0,0,0,0,1,14,.071
Marc-Antoine Pouliot,PHO,13,0,4,4,-2,2,10,1,0,0,0,0,0,19,.000
Jay Pandolfo,BOS,62,1,2,3,-14,8,48,69,0,0,0,1,0,44,.023
Darcy Hordichuk,EDM,43,1,2,3,-3,64,67,2,0,0,0,0,0,27,.037
Zac Dalpe,CAR,16,1,2,3,-3,4,16,4,0,0,0,0,0,20,.050
Brett Bulmer,MIN,9,0,3,3,1,6,17,2,0,0,0,0,0,7,.000
Jaden Schwartz,STL,7,2,1,3,1,0,1,5,1,0,0,0,1,6,.333
Lance Bouma,CGY,27,1,2,3,-5,11,45,26,0,0,0,0,0,26,.038
Ryan Garbutt,DAL,20,2,1,3,-1,22,48,3,0,0,0,0,1,28,.071
Sven Baertschi,CGY,5,3,0,3,2,4,5,0,0,0,0,0,0,10,.300
Colby Armstrong,MON,29,1,2,3,-8,9,37,5,0,0,0,0,0,14,.071
Mats Zuccarello,NYR,10,2,1,3,0,6,8,3,1,1,0,0,1,10,.200
Sean Avery,NYR,15,3,0,3,2,21,10,1,0,0,0,0,1,15,.200
Evgenii Dadonov,CAR,15,2,1,3,-4,2,13,1,0,0,0,0,0,21,.095
B.J. Crombeen,TAM,40,1,2,3,-2,71,22,2,0,0,0,0,0,50,.020
Matt Calvert,COB,13,0,3,3,-5,16,8,1,0,0,0,0,0,4,.000
Eric Fehr,WAS,35,2,1,3,-6,12,22,13,0,0,0,0,1,54,.037
Linus Omark,EDM,14,3,0,3,-5,8,7,6,0,0,0,0,0,24,.125
Carson McMillan,MIN,11,1,2,3,1,11,19,9,0,0,0,0,1,8,.125
Chris Conner,PHO,8,1,2,3,2,0,4,3,0,0,0,0,0,10,.100
John Madden,FLA,31,3,0,3,-4,4,23,12,0,0,0,0,1,33,.091
Brett Sutter,CAR,15,0,3,3,-1,11,23,1,0,0,0,0,0,11,.000
Jan Mursak,DET,25,1,2,3,2,0,21,11,0,0,0,0,0,22,.045
Jared Boll,COB,54,2,1,3,-8,126,96,10,0,0,0,0,0,35,.057
Rod Pelley,ANA,52,2,1,3,-3,16,80,25,0,0,0,0,0,44,.045
Ryan White,MON,20,0,3,3,-7,61,61,17,0,0,0,1,0,12,.000
Akim Aliu,CGY,2,2,1,3,3,12,6,0,0,0,0,0,0,3,.667
Scott Parse,LOS,9,2,0,2,1,14,7,4,1,0,0,0,0,9,.222
Kevin Westgarth,CAR,25,1,1,2,-3,39,31,6,0,0,0,0,0,13,.077
Brian McGrattan,NAS,30,0,2,2,-1,61,29,3,0,0,0,0,0,10,.000
Jeff Taffe,MIN,5,0,2,2,2,0,7,2,0,0,0,0,0,7,.000
Eric Tangradi,PIT,24,0,2,2,-4,16,42,7,0,0,0,0,0,20,.000
Tim Kennedy,SAN,27,1,1,2,-11,4,48,11,0,0,0,0,1,22,.045
Brett MacLean,PHO,5,0,2,2,1,2,3,1,0,1,0,0,0,6,.000
Maksim Mayorov,COB,10,1,1,2,-3,2,11,3,0,0,0,0,0,9,.111
David McIntyre,MIN,7,1,1,2,-1,2,8,3,0,0,0,0,0,6,.167
Niclas Bergfors,NAS,11,1,1,2,-2,2,0,5,0,0,0,0,1,11,.091
Zach Hamill,WAS,16,0,2,2,3,4,13,4,0,0,0,0,0,13,.000
Jason Zucker,MIN,6,0,2,2,-2,2,5,2,0,0,0,0,0,10,.000
Ryan Russell,COB,41,2,0,2,-7,2,37,44,0,0,0,0,0,39,.051
Matt Kassian,MIN,24,2,0,2,-2,55,32,5,0,0,0,0,0,13,.154
Brandon Pirri,CHI,5,0,2,2,2,0,5,2,0,0,0,0,0,5,.000
Ben Smith,CHI,13,2,0,2,-5,0,6,5,0,0,0,0,0,18,.111
Chad Rau,MIN,9,2,0,2,-1,0,2,5,0,0,0,0,2,7,.286
Tomas Kubalik,COB,8,1,1,2,-3,6,6,5,0,0,0,0,0,8,.125
Brad Malone,COL,9,0,2,2,1,0,13,1,0,0,0,0,0,6,.000
Pierre-Cedric Labrie,TAM,14,0,2,2,-2,15,36,5,0,0,0,0,0,5,.000
Stephane Veilleux,MIN,22,0,2,2,-2,15,27,5,0,0,0,0,0,16,.000
Zach Boychuk,CAR,16,0,2,2,-3,0,16,2,0,0,0,0,0,10,.000
Mike Duco,VAN,6,0,2,2,1,5,17,2,0,0,0,0,0,4,.000
Josh Green,EDM,7,1,1,2,-6,7,4,2,1,0,0,0,0,14,.071
Jason Williams,PIT,8,1,1,2,1,4,1,2,0,1,0,0,0,4,.250
Rob Klinkhammer,PHO,15,0,2,2,0,2,47,3,0,0,0,0,0,26,.000
Jed Ortmeyer,MIN,35,1,1,2,-8,14,53,14,0,0,0,0,1,41,.024
Brad Staubitz,ANA,62,1,0,1,-5,121,96,20,0,0,0,0,0,27,.037
Alexandre Giroux,COB,9,1,0,1,-2,8,11,0,0,0,0,0,0,18,.056
Chris VandeVelde,EDM,5,1,0,1,2,2,4,3,0,0,0,0,0,1,1.000
Mika Zibanejad,OTT,9,0,1,1,-3,2,15,5,0,1,0,0,0,12,.000
Cody Bass,COB,14,0,1,1,0,32,22,7,0,0,0,0,0,13,.000
Mike Angelidis,TAM,6,1,0,1,-1,5,6,2,0,0,0,0,0,8,.125
Jason Jaffray,WPG,13,0,1,1,-1,7,16,2,0,0,0,0,0,10,.000
Aaron Volpatti,VAN,23,1,0,1,-2,37,61,8,0,0,0,0,0,17,.059
Riley Nash,CAR,5,0,1,1,1,2,1,1,0,0,0,0,0,2,.000
Ryan Hamilton,TOR,2,0,1,1,-1,2,5,0,0,0,0,0,0,1,.000
Mark Scheifele,WPG,7,1,0,1,0,0,3,1,1,0,0,0,0,5,.200
Tom Sestito,PHI,14,0,1,1,-3,83,37,2,0,0,0,0,0,4,.000
Cam Janssen,NJD,48,0,1,1,-8,75,74,3,0,0,0,0,0,17,.000
Travis Turnbull,BUF,3,1,0,1,0,5,7,2,0,0,0,0,0,3,.333
Adam Cracknell,STL,2,1,0,1,1,0,1,3,0,0,0,0,0,1,1.000
Cody Almond,MIN,10,1,0,1,-5,15,15,8,0,0,0,0,0,7,.143
Krys Kolanos,CGY,13,0,1,1,-1,2,13,0,0,0,0,0,0,29,.000
Colton Orr,TOR,5,1,0,1,1,5,7,0,0,0,0,0,0,3,.333
Paul Bissonnette,PHO,31,1,0,1,-4,41,70,1,0,0,0,0,1,15,.067
Bill Thomas,FLA,7,1,0,1,0,0,10,1,0,0,0,0,0,9,.111
Jarod Palmer,MIN,6,1,0,1,-2,4,3,1,0,0,0,0,0,14,.071
J.T. Brown,TAM,5,0,1,1,2,0,2,3,0,0,0,0,0,13,.000
Nino Niederreiter,NYI,55,1,0,1,-29,12,129,14,0,0,0,0,0,74,.014
Mark Cullen,FLA,6,0,1,1,2,2,2,1,0,0,0,0,0,1,.000
Andre Deveaux,FLA,9,0,1,1,3,29,16,0,0,0,0,0,0,2,.000
Brad Mills,NJD,27,0,1,1,-10,32,36,3,0,0,0,0,0,18,.000
Ryan O'Marra,ANA,9,0,1,1,-1,4,19,7,0,0,0,0,0,7,.000
John Scott,BUF,35,0,1,1,-1,53,39,10,0,0,0,0,0,9,.000
Philippe Cornet,EDM,2,0,1,1,0,0,2,0,0,0,0,0,0,0,N/A
Jody Shelley,PHI,30,0,1,1,-6,64,49,6,0,0,0,0,0,19,.000
Carter Camper,BOS,3,1,0,1,1,0,1,2,0,0,0,0,0,1,1.000
Fabian Brunnstrom,DET,5,0,1,1,-2,4,4,1,0,0,0,0,0,6,.000
Peter Holland,ANA,4,1,0,1,0,2,4,1,0,0,0,0,1,1,1.000
Patrick Eaves,DET,10,0,1,1,0,2,21,7,0,0,0,0,0,24,.000
Stephen Gionta,NJD,1,1,0,1,1,0,1,1,0,0,0,0,1,2,.500
Nikita Filatov,OTT,9,0,1,1,1,4,8,1,0,0,0,0,0,6,.000
Andre Petersson,OTT,1,0,0,0,0,0,0,0,0,0,0,0,0,0,N/A
Jon Matsumoto,SAN,1,0,0,0,0,0,0,0,0,0,0,0,0,0,N/A
Bracken Kearns,SAN,5,0,0,0,0,10,6,1,0,0,0,0,0,0,N/A
Reilly Smith,DAL,3,0,0,0,-3,2,0,0,0,0,0,0,0,2,.000
Aaron Gagnon,WPG,7,0,0,0,-1,0,1,4,0,0,0,0,0,6,.000
Kristian Huselius,COB,2,0,0,0,-2,2,0,0,0,0,0,0,0,2,.000
Brandon Saad,CHI,2,0,0,0,0,0,0,1,0,0,0,0,0,3,.000
Jeremy Welsh,CAR,1,0,0,0,0,4,3,0,0,0,0,0,0,2,.000
Chris Mueller,NAS,4,0,0,0,-1,0,1,2,0,0,0,0,0,4,.000
Eric Boulton,NYI,51,0,0,0,-12,115,89,10,0,0,0,0,0,25,.000
Victor Oreskovich,VAN,1,0,0,0,0,7,1,0,0,0,0,0,0,0,N/A
Matt Fraser,DAL,1,0,0,0,0,0,0,1,0,0,0,0,0,1,.000
Lane MacDermid,BOS,5,0,0,0,-2,5,10,3,0,0,0,0,0,6,.000
Andy Miele,PHO,7,0,0,0,-3,6,11,0,0,0,0,0,0,4,.000
Kris Foucault,MIN,1,0,0,0,0,0,0,0,0,0,0,0,0,0,N/A
Rhett Rakhshani,NYI,5,0,0,0,0,2,1,1,0,0,0,0,0,3,.000
Bill Sweatt,VAN,2,0,0,0,0,0,1,2,0,0,0,0,0,2,.000
Tim Sestito,NJD,18,0,0,0,-5,7,28,5,0,0,0,0,0,6,.000
Mark Bell,ANA,5,0,0,0,0,5,7,0,0,0,0,0,0,0,N/A
Kris Newbury,NYR,7,0,0,0,-1,24,14,1,0,0,0,0,0,2,.000
Mike Connolly,COL,2,0,0,0,0,2,2,1,0,0,0,0,0,1,.000
Andrew Joudrey,COB,1,0,0,0,0,0,0,2,0,0,0,0,0,1,.000
Brett Sterling,STL,4,0,0,0,-1,0,1,0,0,0,0,0,0,5,.000
Frazer McLaren,SAN,7,0,0,0,0,9,6,2,0,0,0,0,0,2,.000
Greg Rallo,FLA,1,0,0,0,0,0,0,0,0,0,0,0,0,1,.000
Pierre-Luc Letourneau-Leblond,ANA,3,0,0,0,1,10,2,0,0,0,0,0,0,3,.000
Trent Whitfield,BOS,1,0,0,0,0,0,2,3,0,0,0,0,0,1,.000
Guillaume Desbiens,VAN,10,0,0,0,-1,25,16,2,0,0,0,0,0,2,.000
Francis Wathier,DAL,1,0,0,0,0,0,3,0,0,0,0,0,0,0,N/A
Scott Glennie,DAL,1,0,0,0,0,2,2,0,0,0,0,0,0,0,N/A
Zack Stortini,NAS,1,0,0,0,0,7,1,0,0,0,0,0,0,1,.000
Steve MacIntyre,PIT,12,0,0,0,0,6,5,0,0,0,0,0,0,0,N/A
D.J. King,WAS,1,0,0,0,0,0,2,0,0,0,0,0,0,1,.000
Vladimir Zharkov,NJD,4,0,0,0,-2,0,1,0,0,0,0,0,0,0,N/A
Colin McDonald,NYI,5,0,0,0,0,0,8,0,0,0,0,0,0,6,.000
Jay Rosehill,TOR,31,0,0,0,-4,60,53,5,0,0,0,0,0,15,.000
Carter Ashton,TOR,15,0,0,0,-10,13,32,2,0,0,0,0,0,22,.000
Steve Zalewski,NJD,7,0,0,0,-2,0,11,1,0,0,0,0,0,6,.000
Joel Rechlicz,PHO,3,0,0,0,0,10,2,0,0,0,0,0,0,0,N/A
Jean-Francois Jacques,FLA,6,0,0,0,2,12,6,0,0,0,0,0,0,7,.000
Milan Kytnar,EDM,1,0,0,0,0,0,0,0,0,0,0,0,0,1,.000
John McCarthy,SAN,10,0,0,0,-2,10,10,1,0,0,0,0,0,14,.000
Micheal Haley,NYR,14,0,0,0,-1,57,31,2,0,0,0,0,0,13,.000
Colin Stuart,BUF,2,0,0,0,-3,0,0,0,0,0,0,0,0,0,N/A
Raitis Ivanans,CGY,1,0,0,0,-1,0,3,1,0,0,0,0,0,0,N/A
Trevor Gillies,NYI,3,0,0,0,-1,0,2,0,0,0,0,0,0,1,.000
Alexandre Bolduc,PHO,2,0,0,0,-1,2,1,0,0,0,0,0,0,1,.000
Rostislav Olesz,CHI,6,0,0,0,-1,6,7,1,0,0,0,0,0,6,.000
Philippe Dupuis,PIT,30,0,0,0,-2,16,37,16,0,0,0,0,0,30,.000
Greg Nemisz,CGY,9,0,0,0,1,0,3,1,0,0,0,0,0,2,.000
Andreas Engqvist,MON,12,0,0,0,-1,4,9,5,0,0,0,0,0,3,.000
Gabriel Dumont,MON,3,0,0,0,-1,0,7,1,0,0,0,0,0,1,.000
Mark Mancari,BUF,6,0,0,0,0,0,5,0,0,0,0,0,0,5,.000
Joakim Andersson,DET,5,0,0,0,1,0,5,1,0,0,0,0,0,3,.000
Brandon Bollig,CHI,18,0,0,0,-2,58,27,6,0,0,0,0,0,16,.000
Dane Byers,EDM,8,0,0,0,0,29,4,4,0,0,0,0,0,8,.000
Carl Klingberg,WPG,6,0,0,0,-1,4,1,0,0,0,0,0,0,7,.000
Brandon Segal,NYR,10,0,0,0,-2,4,12,5,0,0,0,0,0,8,.000
Evan Brophey,COL,3,0,0,0,0,0,4,0,0,0,0,0,0,0,N/A
Jeremy Morin,CHI,3,0,0,0,-1,0,4,0,0,0,0,0,0,2,.000
Mattias Ritola,TAM,5,0,0,0,-2,6,4,1,0,0,0,0,0,14,.000
Ryan Thang,NAS,1,0,0,0,0,0,0,0,0,0,0,0,0,0,N/A
Josh Hennessy,BOS,3,0,0,0,1,2,2,0,0,0,0,0,0,2,.000
Matt Watkins,NYI,1,0,0,0,-1,0,1,0,0,0,0,0,0,0,N/A
Kenndal McArdle,WPG,9,0,0,0,-3,4,10,4,0,0,0,0,0,3,.000
Pat Maroon,ANA,2,0,0,0,0,2,4,1,0,0,0,0,0,1,.000
Jon DiSalvatore,MIN,1,0,0,0,0,2,1,0,0,0,0,0,0,2,.000
Derek Whitmore,BUF,2,0,0,0,0,0,3,1,0,0,0,0,0,2,.000
Patrice Cormier,WPG,9,0,0,0,1,0,12,0,0,0,0,0,0,8,.000
Kyle Wilson,TAM,5,0,0,0,-1,0,7,1,0,0,0,0,0,2,.000
Ben Holmstrom,PHI,5,0,0,0,0,2,8,4,0,0,0,0,0,3,.000
Mike Hoffman,OTT,1,0,0,0,-1,0,2,0,0,0,0,0,0,0,N/A
Max Sauve,BOS,1,0,0,0,0,0,0,0,0,0,0,0,0,0,N/A
Riley Sheahan,DET,1,0,0,0,0,4,1,1,0,0,0,0,0,3,.000
Nicklas Lidstrom,DET,70,11,23,34,21,28,41,79,4,13,0,0,0,148,.074
Willie Mitchell,LOS,76,5,19,24,20,44,74,139,0,5,0,3,2,104,.048
Pavel Kubina,PHI,69,3,12,15,-2,74,130,119,0,0,0,0,1,75,.040
Jaroslav Spacek,CAR,46,5,10,15,6,8,29,68,3,2,0,0,1,42,.119
Steve Montador,CHI,52,5,9,14,4,45,49,46,2,4,0,0,1,57,.088
Chris Pronger,PHI,13,1,11,12,1,10,15,27,1,7,0,0,0,23,.043
Milan Jurcina,NYI,65,3,8,11,-34,30,173,116,2,1,0,0,0,127,.024
Chris Campoli,MON,43,2,9,11,-3,8,43,59,0,3,0,0,0,43,.047
Andy Sutton,EDM,52,3,7,10,5,80,112,95,0,0,0,0,1,41,.073
Steve Staios,NYI,65,0,8,8,-19,53,55,140,0,0,0,0,0,67,.000
Brayden McNabb,BUF,25,1,7,8,-1,15,49,30,1,0,0,0,0,23,.043
Mark Flood,WPG,33,3,4,7,-1,10,10,43,1,1,0,0,1,30,.100
Marc-Andre Bourdon,PHI,45,4,3,7,4,52,73,77,0,0,0,0,2,45,.089
Sean O'Donnell,CHI,51,0,7,7,-6,23,46,44,0,0,0,0,0,30,.000
Jeff Woywitka,STL,27,1,5,6,2,8,18,22,0,0,0,0,0,13,.077
Steven Kampfer,MIN,23,2,3,5,-1,6,19,31,0,0,0,0,0,20,.100
Jim Vandermeer,VAN,25,1,3,4,3,33,14,10,0,0,0,0,0,19,.053
Colin White,STL,54,1,3,4,-5,21,65,94,0,0,0,0,0,33,.030
Alexandre Picard,PIT,17,0,4,4,4,4,12,14,0,0,0,0,0,10,.000
Brett Lebda,COB,30,1,3,4,-1,14,21,21,0,0,0,0,0,36,.028
Sami Lepisto,CHI,26,1,2,3,3,4,24,9,0,0,0,0,0,19,.053
Frederic St. Denis,MON,17,1,2,3,3,10,7,21,0,0,0,0,0,11,.091
Mike Sauer,NYR,19,1,2,3,9,21,21,31,0,0,0,0,0,14,.071
Randy Jones,WPG,39,1,1,2,4,8,23,40,0,0,0,0,0,24,.042
Nate Guenin,ANA,15,2,0,2,6,6,26,17,0,0,0,0,1,5,.400
Mike Mottau,BOS,35,0,2,2,-11,15,38,47,0,0,0,0,0,22,.000
Mike Commodore,MON,30,0,2,2,7,38,53,32,0,0,0,0,0,23,.000
Doug Janik,DET,9,0,1,1,2,6,7,6,0,0,0,0,0,6,.000
Carl Sneep,PIT,1,0,1,1,1,0,2,1,0,0,0,0,0,0,N/A
Chay Genoway,MIN,1,0,1,1,0,0,0,1,0,0,0,0,0,1,.000
Colten Teubert,EDM,24,0,1,1,-5,25,68,28,0,0,0,0,0,13,.000
Cade Fairchild,STL,5,0,1,1,-1,0,1,4,0,0,0,0,0,1,.000
Alex Plante,EDM,3,0,1,1,0,2,5,1,0,0,0,0,0,0,N/A
Dylan Olsen,CHI,28,0,1,1,-5,6,43,23,0,0,0,0,0,16,.000
Matt Walker,PHI,4,0,0,0,-2,16,1,5,0,0,0,0,0,2,.000
Matt Donovan,NYI,3,0,0,0,-3,0,3,4,0,0,0,0,0,6,.000
Arturs Kulda,WPG,9,0,0,0,3,4,13,8,0,0,0,0,0,8,.000
Bryan Rodney,EDM,1,0,0,0,-1,0,1,0,0,0,0,0,0,0,N/A
Kris Fredheim,MIN,3,0,0,0,-2,2,1,5,0,0,0,0,0,0,N/A
Brendan Bell,NYR,1,0,0,0,-1,0,0,0,0,0,0,0,0,2,.000
Aaron Ness,NYI,9,0,0,0,0,2,2,17,0,0,0,0,0,6,.000
Kevin Marshall,WAS,10,0,0,0,-1,8,8,4,0,0,0,0,0,6,.000
Mat Clark,ANA,2,0,0,0,-2,0,2,2,0,0,0,0,0,2,.000
Ty Wishart,NYI,1,0,0,0,0,0,1,0,0,0,0,0,0,0,N/A
Clay Wilson,CGY,5,0,0,0,0,4,1,2,0,0,0,0,0,7,.000
Evan Oberg,TAM,3,0,0,0,2,0,3,0,0,0,0,0,0,3,.000
Brett Festerling,WPG,5,0,0,0,-1,2,7,3,0,0,0,0,0,2,.000
Calvin de Haan,NYI,1,0,0,0,1,0,2,0,0,0,0,0,0,2,.000
Taylor Chorney,STL,5,0,0,0,-1,0,0,4,0,0,0,0,0,2,.000
Sean Collins,NYR,2,0,0,0,-1,0,0,1,0,0,0,0,0,3,.000
Joe Piskula,CGY,5,0,0,0,-5,2,6,5,0,0,0,0,0,2,.000
Teemu Laakso,NAS,9,0,0,0,-1,8,7,7,0,0,0,0,0,4,.000
Tyler Cuma,MIN,1,0,0,0,0,2,2,1,0,0,0,0,0,0,N/A
Steven Oleksy,WAS,1,0,1,1,2,0,2,3,0,0,N/A,0,0,0,0
P.K. Subban,MON,41,11,27,38,10,53,47,49,0,0,N/A,7,19,0,0
Kris Letang,PIT,34,5,31,36,13,8,43,58,0,0,N/A,1,12,0,0
Ryan Suter,MIN,47,4,28,32,0,24,32,70,0,0,N/A,3,12,0,0
Kimmo Timonen,PHI,45,5,24,29,3,36,31,79,0,0,N/A,3,14,0,0
Niklas Kronwall,DET,47,5,24,29,-7,42,42,79,0,0,N/A,2,14,0,0
Andrei Markov,MON,47,9,19,28,-11,10,21,60,0,0,N/A,8,15,0,0
Cody Franson,TOR,44,4,24,28,6,8,122,57,0,0,N/A,3,9,0,0
Dustin Byfuglien,WPG,43,8,20,28,-1,34,80,47,0,0,N/A,4,6,0,0
Keith Yandle,PHO,47,10,18,28,1,44,17,38,0,0,N/A,5,5,0,0
Mark Streit,NYI,48,6,21,27,-14,22,34,86,0,0,N/A,3,8,0,0
Alex Goligoski,DAL,46,3,24,27,5,18,55,64,0,0,N/A,0,11,0,1
Shea Weber,NAS,47,8,19,27,-1,48,107,89,0,0,N/A,3,9,0,0
Duncan Keith,CHI,47,3,24,27,16,31,19,66,0,0,N/A,2,8,0,1
Dion Phaneuf,TOR,47,9,18,27,-4,63,125,90,0,0,N/A,3,12,0,0
Brian Campbell,FLA,47,8,19,27,-20,12,14,64,0,0,N/A,6,11,0,0
Sergei Gonchar,OTT,43,3,23,26,3,26,25,62,0,0,N/A,2,10,0,0
Slava Voynov,LOS,47,5,19,24,6,14,83,48,2,0,1.000,1,7,0,0
Alex Pietrangelo,STL,46,5,19,24,0,10,24,100,0,0,N/A,2,4,0,1
Dan Hamhuis,VAN,47,4,20,24,9,12,47,63,0,0,N/A,0,6,1,0
Francois Beauchemin,ANA,47,5,18,23,20,22,79,109,0,0,N/A,0,7,0,0
Oliver Ekman-Larsson,PHO,47,3,20,23,5,26,71,38,0,0,N/A,0,8,0,0
Kevin Shattenkirk,STL,47,5,18,23,2,16,55,59,0,0,N/A,2,7,0,0
Justin Schultz,EDM,47,7,16,23,-20,8,15,34,0,1,.000,4,10,0,0
Mike Green,WAS,34,10,13,23,-2,18,35,57,0,0,N/A,2,9,0,0
Fedor Tyutin,COB,47,4,18,22,9,28,58,58,1,0,1.000,0,5,0,1
Drew Doughty,LOS,47,6,16,22,3,36,124,44,0,0,N/A,3,7,0,0
Jay Bouwmeester,STL,46,7,15,22,-6,22,41,60,0,0,N/A,1,6,0,2
Christian Ehrhoff,BUF,47,5,17,22,6,34,38,81,0,0,N/A,1,8,0,0
Alexander Edler,VAN,45,8,14,22,-5,37,77,81,1,0,1.000,5,5,0,0
John Carlson,WAS,47,6,16,22,12,18,58,122,1,0,1.000,0,5,0,0
Dennis Wideman,CGY,46,6,16,22,-9,12,40,100,0,1,.000,4,9,0,1
Paul Martin,PIT,33,6,15,21,12,14,17,48,0,0,N/A,2,6,0,0
Michael Del Zotto,NYR,45,3,18,21,6,18,75,64,0,0,N/A,0,8,1,0
Matt Carle,TAM,47,4,17,21,0,4,31,84,0,0,N/A,2,3,0,0
Dan Boyle,SAN,45,7,13,20,3,27,26,80,0,0,N/A,5,8,0,1
Brent Seabrook,CHI,46,8,12,20,13,23,104,102,0,0,N/A,3,4,0,0
Patrick Wiercioch,OTT,41,5,14,19,8,37,26,29,0,0,N/A,3,7,0,0
Marek Zidlicky,NJD,47,4,15,19,-10,38,52,41,0,0,N/A,1,10,0,0
Victor Hedman,TAM,43,4,15,19,3,29,55,84,0,0,N/A,0,2,0,0
Ryan McDonagh,NYR,46,4,15,19,11,20,69,77,0,1,.000,0,1,0,1
Zdeno Chara,BOS,46,7,12,19,15,66,100,64,0,1,.000,3,1,0,1
Brent Burns,SAN,29,9,9,18,-1,20,52,13,4,9,.308,2,1,0,0
Jack Johnson,COB,43,4,14,18,-6,12,63,86,0,0,N/A,3,5,0,0
Roman Josi,NAS,47,5,13,18,-6,8,29,73,0,0,N/A,1,6,0,0
Nick Leddy,CHI,47,6,12,18,16,10,38,38,0,0,N/A,2,6,0,0
Sheldon Souray,ANA,43,7,10,17,23,52,34,58,1,0,1.000,2,3,0,0
Sami Salo,TAM,45,2,15,17,8,16,40,64,0,0,N/A,1,6,0,0
Joe Corvo,CAR,39,6,11,17,-3,14,27,38,0,0,N/A,3,5,0,0
Andy Greene,NJD,47,4,12,16,12,18,47,70,0,0,N/A,2,4,1,0
Jake Muzzin,LOS,44,7,9,16,15,35,69,29,0,0,N/A,3,4,0,0
Dougie Hamilton,BOS,42,5,11,16,4,14,59,33,0,0,N/A,2,2,0,0
Jason Garrison,VAN,47,8,8,16,18,28,36,58,0,0,N/A,3,3,0,0
Grant Clitsome,WPG,44,4,12,16,10,18,82,54,0,0,N/A,2,1,0,0
Tobias Enstrom,WPG,22,4,11,15,-8,8,9,38,0,0,N/A,1,6,0,1
Mark Giordano,CGY,47,4,11,15,-7,40,65,93,0,0,N/A,1,2,1,1
Dennis Seidenberg,BOS,44,3,12,15,19,10,106,111,0,0,N/A,0,1,0,0
Carl Gunnarsson,TOR,36,1,14,15,6,14,73,67,0,0,N/A,0,0,0,0
Justin Faulk,CAR,37,5,10,15,3,15,60,47,0,0,N/A,1,2,1,0
T.J. Brodie,CGY,47,2,12,14,-9,8,24,74,0,0,N/A,0,6,0,0
James Wisniewski,COB,29,5,9,14,-1,15,53,46,0,0,N/A,4,1,0,1
Matt Niskanen,PIT,39,4,10,14,4,12,48,42,0,0,N/A,0,2,0,0
Dan Girardi,NYR,45,2,12,14,-2,16,98,122,0,0,N/A,0,2,0,0
Raphael Diaz,MON,22,1,13,14,4,4,11,40,0,0,N/A,0,8,0,0
Jared Spurgeon,MIN,38,5,9,14,-1,4,45,52,0,0,N/A,4,3,0,0
Kevin Klein,NAS,46,3,11,14,-1,9,64,87,0,0,N/A,0,0,0,0
Lubomir Visnovsky,NYI,35,3,11,14,12,20,20,52,0,0,N/A,1,7,0,0
Zach Bogosian,WPG,33,5,9,14,-5,29,79,50,0,0,N/A,0,3,0,0
Stephane Robidas,DAL,47,1,12,13,3,56,136,91,0,0,N/A,0,4,0,0
Trevor Daley,DAL,44,4,9,13,1,14,27,69,0,0,N/A,2,1,0,1
Ron Hainsey,WPG,47,0,13,13,-8,10,36,123,0,0,N/A,0,1,0,0
Jakub Kindl,DET,40,4,9,13,15,28,46,32,0,0,N/A,1,2,0,0
Ryan Whitney,EDM,34,4,9,13,-7,23,16,55,0,0,N/A,0,7,0,0
Tyson Barrie,COL,31,2,11,13,-9,10,29,23,0,0,N/A,1,4,0,0
Chris Phillips,OTT,46,5,8,13,-5,43,91,77,0,0,N/A,1,0,0,0
Jonathan Ericsson,DET,44,2,10,12,4,29,64,38,0,0,N/A,0,0,0,0
Andrew MacDonald,NYI,48,3,9,12,-2,20,26,123,0,0,N/A,1,2,0,0
Erik Karlsson,OTT,15,6,6,12,7,8,10,11,0,0,N/A,2,2,1,0
Johnny Oduya,CHI,47,3,9,12,14,10,24,76,0,0,N/A,0,1,0,1
Andrej Sekera,BUF,37,2,10,12,-2,4,30,73,0,0,N/A,0,0,0,1
Alexei Emelin,MON,38,3,9,12,2,33,110,47,0,0,N/A,0,0,0,0
Jeff Petry,EDM,47,3,9,12,0,29,112,85,0,1,.000,0,0,1,0
Eric Brewer,TAM,47,4,8,12,1,30,87,93,0,0,N/A,1,0,0,0
Tom Gilbert,MIN,42,3,9,12,-10,18,24,56,0,0,N/A,1,2,0,0
Andrew Ference,BOS,46,3,9,12,8,35,84,56,0,0,N/A,0,0,0,1
Michal Rozsival,CHI,26,0,12,12,20,14,44,25,0,2,.000,0,0,0,1
Matt Irwin,SAN,37,6,6,12,-1,10,38,61,0,0,N/A,4,1,0,0
Barret Jackman,STL,46,3,9,12,6,39,70,89,0,0,N/A,0,0,0,0
Rob Scuderi,LOS,47,1,10,11,-5,4,27,63,0,1,.000,0,0,0,1
Kevin Bieksa,VAN,35,6,5,11,8,42,60,50,0,0,N/A,2,1,0,0
Derek Morris,PHO,39,0,11,11,-6,36,92,69,0,0,N/A,0,3,0,0
John-Michael Liles,TOR,31,2,9,11,1,4,43,49,0,1,.000,0,1,0,0
Marc Staal,NYR,21,2,9,11,4,14,47,36,0,0,N/A,1,2,0,0
Luke Schenn,PHI,46,3,8,11,2,34,179,100,0,0,N/A,0,0,0,0
Jonas Brodin,MIN,44,2,9,11,3,10,17,59,0,0,N/A,1,1,0,0
Travis Hamonic,NYI,48,3,7,10,-8,28,59,109,0,0,N/A,1,2,0,1
Dmitry Kulikov,FLA,34,3,7,10,-5,22,84,49,0,0,N/A,2,4,0,0
Andre Benoit,OTT,33,3,7,10,-3,8,29,54,0,0,N/A,1,1,0,0
Clayton Stoner,MIN,47,0,10,10,1,42,87,57,0,0,N/A,0,0,0,1
Cam Fowler,ANA,36,1,9,10,-4,4,19,39,0,0,N/A,1,4,0,0
Jordan Leopold,STL,38,2,8,10,-8,14,39,57,0,0,N/A,0,4,0,0
Jay Harrison,CAR,47,3,7,10,-10,51,83,110,0,0,N/A,0,1,0,0
Marc Methot,OTT,45,2,8,10,2,31,123,79,0,0,N/A,0,1,0,0
Niklas Hjalmarsson,CHI,46,2,8,10,15,22,26,94,0,0,N/A,0,0,0,0
Jan Hejda,COL,45,1,9,10,-4,28,96,100,0,1,.000,0,0,0,0
Ben Lovejoy,ANA,34,0,10,10,3,29,74,40,0,0,N/A,0,3,0,1
Paul Postma,WPG,34,4,5,9,-5,6,17,27,0,0,N/A,2,2,0,0
Marc-Andre Bergeron,CAR,24,1,8,9,-2,9,16,18,0,0,N/A,0,5,0,0
T.J. Brennan,FLA,28,3,6,9,-9,8,31,32,0,0,N/A,1,3,0,0
Jack Hillen,WAS,22,3,6,9,9,14,10,31,0,0,N/A,0,0,0,0
Mike Weaver,FLA,26,1,8,9,-7,8,48,48,0,0,N/A,0,0,0,0
Tim Gleason,CAR,41,0,9,9,-2,40,88,63,0,0,N/A,0,1,0,0
Filip Kuba,FLA,43,1,8,9,-22,24,34,67,0,0,N/A,0,4,0,0
Francis Bouillon,MON,47,1,8,9,3,21,76,50,0,0,N/A,0,0,0,0
Joni Pitkanen,CAR,22,1,8,9,2,12,16,34,0,0,N/A,0,2,0,0
Michael Stone,PHO,39,5,4,9,2,16,88,61,0,0,N/A,1,1,0,0
Nikita Nikitin,COB,38,3,6,9,2,17,31,56,0,0,N/A,1,1,0,0
Steve Oleksy,WAS,27,1,8,9,9,33,58,52,0,0,N/A,0,0,0,0
Brooks Orpik,PIT,46,0,8,8,17,32,119,114,0,0,N/A,0,0,0,0
Nick Schultz,EDM,47,1,7,8,-15,24,51,107,0,2,.000,0,0,0,0
Mark Fraser,TOR,44,0,8,8,19,85,149,101,0,0,N/A,0,0,0,0
Chris Butler,CGY,44,1,7,8,-10,19,53,74,0,0,N/A,0,0,1,0
Rostislav Klesla,PHO,37,2,6,8,0,20,39,59,0,0,N/A,0,0,0,0
Luca Sbisa,ANA,41,1,7,8,0,23,99,57,0,0,N/A,0,3,0,0
Brendan Smith,DET,33,0,8,8,1,30,20,34,0,0,N/A,0,2,0,0
Tyler Myers,BUF,39,3,5,8,-8,32,58,56,0,0,N/A,1,2,0,0
Brenden Dillon,DAL,47,3,5,8,2,65,127,73,0,0,N/A,0,0,0,0
Josh Gorges,MON,47,2,6,8,3,15,66,114,0,0,N/A,0,0,0,0
Mike Kostka,TOR,34,0,8,8,-5,25,48,66,0,0,N/A,0,5,0,0
Tomas Kundratek,WAS,25,1,6,7,-5,8,21,23,0,0,N/A,0,3,0,0
Keith Aulie,TAM,44,2,5,7,2,60,90,41,0,0,N/A,0,0,0,0
Jonathon Blum,NAS,34,1,6,7,-1,6,32,41,0,0,N/A,0,0,0,0
Justin Braun,SAN,40,0,7,7,-5,6,50,50,0,0,N/A,0,1,0,0
Anton Stralman,NYR,47,4,3,7,13,16,74,40,0,1,.000,0,0,0,0
Marc-Edouard Vlasic,SAN,47,3,4,7,5,29,24,80,0,0,N/A,0,0,0,0
Victor Bartley,NAS,23,0,7,7,2,6,31,27,0,0,N/A,0,0,0,0
Mike Weber,BUF,42,1,6,7,3,70,122,92,0,0,N/A,0,0,0,1
Davis Drewiske,MON,29,2,5,7,3,14,21,35,1,0,1.000,1,0,0,0
Simon Despres,PIT,32,2,5,7,9,20,48,31,0,0,N/A,0,1,0,0
Erik Gustafsson,PHI,26,3,4,7,-1,2,15,39,0,1,.000,0,1,0,0
Jamie McBain,CAR,39,1,6,7,2,12,22,63,0,0,N/A,0,0,0,0
Chris Tanev,VAN,38,2,5,7,4,10,14,61,0,0,N/A,0,0,0,0
Matt Hunwick,COL,43,0,6,6,4,16,40,59,0,0,N/A,0,0,0,0
Jordie Benn,DAL,25,1,5,6,-3,10,23,30,0,0,N/A,1,0,0,0
Mark Fayne,NJD,31,1,5,6,6,16,25,40,0,0,N/A,0,0,1,0
Adam Larsson,NJD,36,0,6,6,6,12,37,49,0,0,N/A,0,0,0,0
John Erskine,WAS,29,3,3,6,11,34,84,60,0,0,N/A,0,0,0,0
Wade Redden,BOS,27,3,3,6,-1,11,16,28,0,0,N/A,0,0,0,0
Johnny Boychuk,BOS,42,1,5,6,4,12,74,82,0,0,N/A,0,0,0,0
Bruno Gervais,PHI,37,1,5,6,-17,10,25,41,0,0,N/A,0,0,0,0
Deryk Engelland,PIT,42,0,6,6,5,54,70,57,0,0,N/A,0,0,0,0
Greg Zanon,COL,43,0,6,6,-15,28,65,122,0,0,N/A,0,0,0,1
Eric Gryba,OTT,32,2,4,6,-2,26,87,37,0,0,N/A,0,0,0,0
Ryan O'Byrne,TOR,42,2,4,6,-4,60,104,69,0,0,N/A,0,0,0,0
Toni Lydman,ANA,34,0,6,6,-2,12,80,74,0,0,N/A,0,0,0,1
Roman Polak,STL,47,1,5,6,-4,48,107,75,0,0,N/A,0,0,0,0
Bobby Sanguinetti,CAR,36,2,4,6,-7,4,49,39,0,1,.000,0,1,0,0
Dalton Prout,COB,27,1,5,6,14,25,50,39,0,0,N/A,0,1,0,0
Brad Stuart,SAN,47,0,6,6,5,25,84,88,0,0,N/A,0,0,0,1
Bryan Allen,ANA,40,0,6,6,2,34,60,64,0,0,N/A,0,0,0,0
John Moore,NYR,29,1,5,6,2,7,38,28,0,0,N/A,0,0,0,0
Ryan Ellis,NAS,32,2,4,6,-2,15,22,29,0,0,N/A,2,0,0,0
Douglas Murray,PIT,42,1,5,6,-9,33,88,97,0,0,N/A,0,0,0,0
David Schlemko,PHO,29,1,4,5,5,12,34,57,0,0,N/A,0,0,0,0
Alec Martinez,LOS,27,1,4,5,-2,10,31,31,0,0,N/A,0,1,0,0
Kris Russell,STL,32,1,4,5,4,9,26,55,0,0,N/A,1,1,0,0
Karl Alzner,WAS,47,1,4,5,-5,14,42,83,0,0,N/A,0,0,0,0
Mark Pysyk,BUF,19,1,4,5,-7,0,6,9,0,0,N/A,1,0,0,0
Tim Erixon,COB,30,0,5,5,4,14,19,35,0,0,N/A,0,2,0,0
Aaron Rome,DAL,26,0,5,5,-1,18,41,32,0,0,N/A,0,0,0,0
Braydon Coburn,PHI,33,1,4,5,-10,41,76,61,0,0,N/A,0,0,0,0
Radko Gudas,TAM,22,2,3,5,3,38,87,28,0,0,N/A,0,0,0,0
Peter Harrold,NJD,22,2,3,5,-8,4,20,10,0,0,N/A,1,2,0,0
Kurtis Foster,PHI,23,1,4,5,0,25,16,16,0,0,N/A,1,0,0,0
Philip Larsen,DAL,31,2,3,5,-10,18,46,17,0,0,N/A,1,0,0,0
Anton Volchenkov,NJD,36,1,4,5,0,37,49,48,0,0,N/A,0,0,0,0
Brian Lashoff,DET,31,1,4,5,-10,15,44,43,0,0,N/A,0,0,0,0
Robert Bortuzzo,PIT,15,2,2,4,3,27,18,14,0,0,N/A,0,0,0,0
Zach Redmond,WPG,8,1,3,4,0,12,12,8,0,0,N/A,0,1,1,0
Jake Gardiner,TOR,12,0,4,4,0,0,13,15,0,0,N/A,0,2,0,0
Erik Gudbranson,FLA,32,0,4,4,-22,47,80,32,0,0,N/A,0,1,0,0
Stefan Elliott,COL,17,1,3,4,-4,2,10,18,0,0,N/A,0,1,0,0
Brian Strait,NYI,19,0,4,4,4,10,33,21,0,0,N/A,0,0,0,0
Adam Pardy,BUF,17,0,4,4,4,14,24,16,0,0,N/A,0,0,0,0
Ladislav Smid,EDM,47,1,3,4,-2,51,150,118,0,0,N/A,0,0,0,1
Adrian Aucoin,COB,35,0,4,4,-8,16,43,12,0,0,N/A,0,0,0,0
Shane O'Brien,COL,27,0,4,4,0,58,41,36,0,0,N/A,0,0,0,0
Thomas Hickey,NYI,39,1,3,4,9,8,27,47,0,0,N/A,0,0,0,0
Robyn Regehr,LOS,40,0,4,4,-5,23,97,69,0,0,N/A,0,0,0,0
Alexander Sulzer,BUF,17,3,1,4,3,10,5,19,0,0,N/A,0,0,0,0
Adam McQuaid,BOS,30,1,3,4,1,56,58,42,0,0,N/A,0,0,0,1
Nicklas Grossmann,PHI,30,1,3,4,-1,21,81,82,0,0,N/A,0,0,0,0
Mark Fistric,EDM,24,0,4,4,4,20,84,52,0,0,N/A,0,0,0,0
Erik Johnson,COL,30,0,4,4,-3,18,43,58,0,0,N/A,0,0,0,0
Mark Stuart,WPG,42,2,2,4,5,53,111,81,0,0,N/A,0,0,0,0
Corey Potter,EDM,32,3,1,4,7,6,50,34,0,0,N/A,0,1,0,0
Ian White,DET,25,2,2,4,5,4,14,32,1,0,1.000,0,0,0,0
Henrik Tallinder,NJD,24,1,3,4,2,10,13,15,0,0,N/A,0,1,0,0
Oliver Lauridsen,PHI,14,2,1,3,0,24,34,20,0,0,N/A,0,0,0,0
Tomas Kaberle,MON,10,0,3,3,4,0,2,11,0,0,N/A,0,0,0,0
Kyle Quincey,DET,35,1,2,3,6,18,27,44,0,0,N/A,0,1,0,0
Radek Martinek,NYI,13,3,0,3,-2,4,15,19,0,0,N/A,0,0,0,0
Ryan Wilson,COL,12,0,3,3,4,8,17,12,0,0,N/A,0,0,0,0
Korbinian Holzer,TOR,22,2,1,3,-12,28,61,54,0,0,N/A,0,0,0,0
Steve Eminger,NYR,34,0,3,3,7,8,52,40,0,0,N/A,0,0,0,0
Jeff Schultz,WAS,26,0,3,3,-6,12,17,25,0,0,N/A,0,0,0,0
Tyson Strachan,FLA,37,0,3,3,-13,40,109,59,0,0,N/A,0,0,0,0
Mark Cundari,CGY,4,1,2,3,-2,2,15,4,0,0,N/A,1,1,0,0
Keaton Ellerby,LOS,43,0,3,3,2,52,72,41,0,0,N/A,0,0,0,0
Justin Falk,MIN,35,0,3,3,-9,40,53,38,0,0,N/A,0,0,0,0
Jason Demers,SAN,22,1,2,3,-4,10,32,24,0,0,N/A,0,0,0,0
Tom Poti,WAS,16,0,2,2,-2,2,5,15,0,0,N/A,0,1,0,0
Nathan Beaulieu,MON,6,0,2,2,5,0,3,4,0,0,N/A,0,0,0,0
Cam Barker,VAN,13,0,2,2,1,4,13,14,0,0,N/A,0,0,0,0
Keith Ballard,VAN,35,0,2,2,0,27,45,32,0,0,N/A,0,0,0,0
Jamie Oleksiak,DAL,16,0,2,2,-5,14,32,18,0,0,N/A,0,0,0,0
Brett Bellemore,CAR,8,0,2,2,-2,7,14,13,0,0,N/A,0,0,0,0
Yannick Weber,MON,6,0,2,2,-1,2,3,4,0,0,N/A,0,1,0,0
Zbynek Michalek,PHO,33,0,2,2,4,12,38,85,0,0,N/A,0,0,0,0
Bryce Salvador,NJD,39,0,2,2,-12,22,36,79,0,0,N/A,0,0,0,0
Cory Sarich,CGY,28,0,2,2,-8,16,43,33,0,0,N/A,0,0,0,0
Andrej Meszaros,PHI,11,0,2,2,-9,2,18,24,0,0,N/A,0,1,0,0
Matt Bartkowski,BOS,11,0,2,2,0,6,11,3,0,0,N/A,0,0,0,0
Sami Vatanen,ANA,8,2,0,2,3,0,2,13,0,0,N/A,1,0,0,0
Matt Carkner,NYI,22,0,2,2,-2,46,27,19,0,0,N/A,0,0,0,0
Jarred Tinordi,MON,7,0,2,2,3,2,10,4,0,0,N/A,0,0,0,0
Matt Tennyson,SAN,4,0,2,2,2,2,4,2,0,0,N/A,0,0,0,0
Brandon Manning,PHI,5,0,2,2,4,0,11,3,0,0,N/A,0,0,0,0
Cody Goloubef,COB,11,1,0,1,-3,0,10,7,0,0,N/A,0,0,0,0
Ed Jovanovski,FLA,6,0,1,1,-4,0,3,8,0,0,N/A,0,0,0,0
Carlo Colaiacovo,DET,6,0,1,1,-4,2,12,10,0,0,N/A,0,1,0,0
Scott Hannan,SAN,32,0,1,1,-13,22,33,54,0,0,N/A,0,0,0,0
Danny DeKeyser,DET,10,0,1,1,3,2,7,9,0,0,N/A,0,0,0,0
Anton Babchuk,CGY,7,0,1,1,-1,0,1,9,0,0,N/A,0,0,0,0
Kent Huskins,PHI,19,0,1,1,-3,4,18,37,0,0,N/A,0,0,0,0
Mike Lundin,OTT,11,0,1,1,-2,0,2,7,0,0,N/A,0,0,0,0
Dmitry Orlov,WAS,5,0,1,1,5,0,2,4,0,0,N/A,0,0,0,0
Ian Cole,STL,15,0,1,1,-4,10,6,22,0,0,N/A,0,0,0,0
Joe Finley,NYI,16,0,1,1,-5,20,24,15,0,1,.000,0,0,0,0
Andrew Alberts,VAN,23,0,1,1,-7,32,39,29,0,0,N/A,0,0,0,0
David Rundblad,PHO,8,0,1,1,-5,0,7,9,0,0,N/A,0,0,0,0
Brendan Mikkelson,TAM,4,0,1,1,1,6,3,5,0,0,N/A,0,0,0,0
Brett Clark,MIN,8,0,1,1,-9,0,5,11,0,0,N/A,0,0,0,0
Brett Carson,CGY,10,0,1,1,-1,0,4,12,0,0,N/A,0,0,0,0
Derek Smith,CGY,22,0,1,1,-5,10,7,24,0,0,N/A,0,0,0,0
Torey Krug,BOS,1,0,1,1,-1,0,0,1,0,0,N/A,0,1,0,0
Colby Robak,FLA,16,0,1,1,-1,17,4,13,0,0,N/A,0,0,0,0
Matt Greene,LOS,5,0,1,1,-1,8,22,5,0,0,N/A,0,0,0,0
Roman Hamrlik,NYR,16,0,1,1,-4,8,8,14,0,0,N/A,0,0,0,0
Marco Scandella,MIN,6,1,0,1,-1,4,8,4,0,0,N/A,0,0,0,0
Derek Meech,WPG,16,0,1,1,0,2,24,12,0,0,N/A,0,0,0,0
Sheldon Brookbank,CHI,25,1,0,1,-2,19,28,33,0,1,.000,0,0,1,0
Mattias Ekholm,NAS,1,0,0,0,-1,0,0,0,0,0,N/A,0,0,0,0
Chad Ruhwedel,BUF,7,0,0,0,0,0,7,8,0,0,N/A,0,0,0,0
Mark Eaton,PIT,22,0,0,0,8,4,8,32,0,0,N/A,0,0,0,0
Cameron Schilling,WAS,1,0,0,0,-1,0,0,1,0,0,N/A,0,0,0,0
Frank Corrado,VAN,2,0,0,0,0,0,4,5,0,0,N/A,0,0,0,0
Ryan Murphy,CAR,4,0,0,0,-4,2,2,9,0,0,N/A,0,0,0,0
Hal Gill,NAS,31,0,0,0,-3,10,28,36,0,0,N/A,0,0,0,0
Andrej Sustr,TAM,2,0,0,0,1,0,0,1,0,0,N/A,0,0,0,0
Matthew Konan,PHI,1,0,0,0,0,0,2,1,0,0,N/A,0,0,0,0
Greg Pateryn,MON,3,0,0,0,0,0,2,1,0,0,N/A,0,0,0,0
Michal Jordan,CAR,5,0,0,0,-2,2,0,2,0,0,N/A,0,0,0,0
Derek Joslin,VAN,1,0,0,0,-1,0,2,2,0,0,N/A,0,0,0,0
Theo Peckham,EDM,4,0,0,0,-1,6,14,5,0,0,N/A,0,0,0,0
Matt Gilroy,NYR,15,0,0,0,-3,6,6,6,0,0,N/A,0,0,0,0
Jordan Hendry,ANA,2,0,0,0,0,0,1,2,0,0,N/A,0,0,0,0
Chris Summers,PHO,6,0,0,0,-3,9,12,10,0,0,N/A,0,0,0,0
Dylan Reese,PIT,3,0,0,0,0,0,0,4,0,0,N/A,0,0,0,0
Marc-Andre Gragnani,CAR,1,0,0,0,0,0,0,0,0,0,N/A,0,0,0,0
Michael Caruso,FLA,2,0,0,0,-1,0,0,2,0,0,N/A,0,0,0,0
Nick Holden,COB,2,0,0,0,1,0,3,0,0,0,N/A,0,0,0,0
Stu Bickel,NYR,16,0,0,0,-2,49,13,6,0,0,N/A,0,0,0,0
Nick Petrecki,SAN,1,0,0,0,0,0,1,2,0,0,N/A,0,0,0,0
Jared Cowen,OTT,5,0,0,0,-1,10,16,6,0,0,N/A,0,0,0,0
Brian Lee,TAM,22,0,0,0,-13,16,49,28,0,0,N/A,0,0,0,0
Mike Komisarek,TOR,4,0,0,0,2,2,11,6,0,0,N/A,0,0,0,0
Alex Petrovic,FLA,5,0,0,0,-6,18,9,4,0,0,N/A,0,0,0,0
Nolan Yonkman,FLA,7,0,0,0,-1,11,12,2,0,0,N/A,0,0,0,0
Matt Taormina,TAM,2,0,0,0,-1,0,5,3,0,0,N/A,0,0,0,0
Andreas Lilja,PHI,3,0,0,0,-2,0,9,5,0,0,N/A,0,0,0,0
Aaron Johnson,BOS,10,0,0,0,0,10,18,5,0,0,N/A,0,0,0,0
David Savard,COB,4,0,0,0,-3,0,4,2,0,0,N/A,0,0,0,0
Alexander Urbom,NJD,1,0,0,0,-1,0,1,1,0,0,N/A,0,0,0,0
Nate Prosser,MIN,17,0,0,0,4,4,17,22,0,0,N/A,0,0,0,0
Eric Gelinas,NJD,1,0,0,0,-1,0,1,0,0,0,N/A,0,0,0,0
Mark Barberio,TAM,2,0,0,0,-2,0,0,1,0,0,N/A,0,0,0,0
Mark Borowiecki,OTT,6,0,0,0,1,18,26,5,0,0,N/A,0,0,0,0
